technique,radius,distance,spacing,username,click_duration,is_correct,heisenberg_error,heisenberg_angle
ControllerIntenSelect,0.07,0.75,0.3,FP1,1.100627320125,1.0,0.0,0.0979838316970917
ControllerIntenSelect,0.07,0.75,0.3,FP1,1.0561418785555556,0.8888888888888888,0.1111111111111111,0.1827777660297398
ControllerIntenSelect,0.07,0.75,0.3,FP1,0.9099149602499998,1.0,0.0,0.1936843136322647
ControllerIntenSelect,0.07,0.75,0.3,FP10,0.7173778697777777,0.6666666666666666,0.3333333333333333,0.7090414876654374
ControllerIntenSelect,0.07,0.75,0.3,FP10,0.8542996575,1.0,0.0,0.562138513543302
ControllerIntenSelect,0.07,0.75,0.3,FP10,0.600743408857143,0.8571428571428571,0.0,0.408190835030723
ControllerIntenSelect,0.07,0.75,0.3,FP11,0.6807828625000001,1.0,0.0,0.1801111748108455
ControllerIntenSelect,0.07,0.75,0.3,FP11,0.6571265768333333,1.0,0.0,0.1831050782873182
ControllerIntenSelect,0.07,0.75,0.3,FP11,0.5989131876666667,1.0,0.0,0.2753381401345281
ControllerIntenSelect,0.07,0.75,0.3,FP12,0.8278128886666667,0.6666666666666666,0.2222222222222222,0.2243209223334753
ControllerIntenSelect,0.07,0.75,0.3,FP12,0.6854133666666667,1.0,0.0,0.5226329366900384
ControllerIntenSelect,0.07,0.75,0.3,FP12,0.6250395222857144,0.8571428571428571,0.0,0.2625510526178387
ControllerIntenSelect,0.07,0.75,0.3,FP13,0.9230950732222222,0.6666666666666666,0.3333333333333333,0.2810053895635104
ControllerIntenSelect,0.07,0.75,0.3,FP13,0.7439109271428572,0.8571428571428571,0.0,0.2956818940306129
ControllerIntenSelect,0.07,0.75,0.3,FP13,0.7489881053,0.6,0.4,0.845111733003271
ControllerIntenSelect,0.07,0.75,0.3,FP14,0.6767526905,0.75,0.125,0.4544070191187908
ControllerIntenSelect,0.07,0.75,0.3,FP14,0.5204760554444445,0.6666666666666666,0.3333333333333333,0.6322756012604497
ControllerIntenSelect,0.07,0.75,0.3,FP14,0.586282291125,0.75,0.25,0.4027788497480877
ControllerIntenSelect,0.07,0.75,0.3,FP15,0.5115438083333333,1.0,0.0,0.6841922665309355
ControllerIntenSelect,0.07,0.75,0.3,FP15,0.775569641,1.0,0.0,0.4440009665863928
ControllerIntenSelect,0.07,0.75,0.3,FP15,0.7673825462857143,0.8571428571428571,0.0,0.4040372357400442
ControllerIntenSelect,0.07,0.75,0.3,FP16,0.9642157335,1.0,0.0,0.1532081236100241
ControllerIntenSelect,0.07,0.75,0.3,FP16,0.7865989151666666,1.0,0.0,0.1395552920646543
ControllerIntenSelect,0.07,0.75,0.3,FP16,0.8869875723333333,1.0,0.0,0.1691188987906941
ControllerIntenSelect,0.07,0.75,0.3,FP17,1.2656507013333334,1.0,0.0,0.3775059895892274
ControllerIntenSelect,0.07,0.75,0.3,FP17,1.0763726116666663,1.0,0.0,0.2621301006243085
ControllerIntenSelect,0.07,0.75,0.3,FP17,0.8987710231428572,0.8571428571428571,0.1428571428571428,0.1729933557501348
ControllerIntenSelect,0.07,0.75,0.3,FP18,0.6063869768571429,0.8571428571428571,0.1428571428571428,0.4355018194872778
ControllerIntenSelect,0.07,0.75,0.3,FP18,0.6735662556249999,0.75,0.0,0.7675727231925923
ControllerIntenSelect,0.07,0.75,0.3,FP18,0.8971584441428571,0.8571428571428571,0.1428571428571428,0.3782811511776169
ControllerIntenSelect,0.07,0.75,0.3,FP19,0.8945873481666666,0.5,0.3333333333333333,0.4484722655309484
ControllerIntenSelect,0.07,0.75,0.3,FP19,1.1252646486666666,1.0,0.0,0.4775413710974742
ControllerIntenSelect,0.07,0.75,0.3,FP19,0.7837143903333333,1.0,0.0,0.3328353872783869
ControllerIntenSelect,0.07,0.75,0.3,FP2,0.793323403875,1.0,0.0,0.3532956260465875
ControllerIntenSelect,0.07,0.75,0.3,FP2,0.907019441,0.8888888888888888,0.1111111111111111,0.3261867299946354
ControllerIntenSelect,0.07,0.75,0.3,FP2,0.6947041735454544,0.7272727272727273,0.2727272727272727,0.449780670650835
ControllerIntenSelect,0.07,0.75,0.3,FP20,0.7482842074285714,0.8571428571428571,0.1428571428571428,0.9274764536314388
ControllerIntenSelect,0.07,0.75,0.3,FP20,0.8891434935714287,0.8571428571428571,0.1428571428571428,0.651740272759264
ControllerIntenSelect,0.07,0.75,0.3,FP21,0.9169344215714286,0.8571428571428571,0.1428571428571428,0.2964555948237403
ControllerIntenSelect,0.07,0.75,0.3,FP21,0.7046118476666666,1.0,0.0,0.1873126188213822
ControllerIntenSelect,0.07,0.75,0.3,FP21,0.816646406625,0.75,0.25,0.2572795612885312
ControllerIntenSelect,0.07,0.75,0.3,FP22,1.0750477837142858,0.8571428571428571,0.1428571428571428,0.1111221505596271
ControllerIntenSelect,0.07,0.75,0.3,FP22,0.6525544194999999,1.0,0.0,0.2723406502623883
ControllerIntenSelect,0.07,0.75,0.3,FP22,0.8226339615,0.75,0.125,0.2416597079111234
ControllerIntenSelect,0.07,0.75,0.3,FP23,0.4004402407777778,0.6666666666666666,0.2222222222222222,0.5190151332050069
ControllerIntenSelect,0.07,0.75,0.3,FP23,0.4841703359999999,0.6666666666666666,0.1111111111111111,1.1153569351300716
ControllerIntenSelect,0.07,0.75,0.3,FP23,0.6946265587500001,0.75,0.125,0.4562122262240099
ControllerIntenSelect,0.07,0.75,0.3,FP24,0.8909554123333333,1.0,0.0,0.3486770704200083
ControllerIntenSelect,0.07,0.75,0.3,FP24,0.9807595833333336,1.0,0.0,0.4070305839891401
ControllerIntenSelect,0.07,0.75,0.3,FP24,0.9678948915714286,0.8571428571428571,0.1428571428571428,0.534843395436243
ControllerIntenSelect,0.07,0.75,0.3,FP3,0.7326815345714286,0.8571428571428571,0.1428571428571428,0.4415613063092679
ControllerIntenSelect,0.07,0.75,0.3,FP3,0.7482508976666665,1.0,0.0,0.3052362124064241
ControllerIntenSelect,0.07,0.75,0.3,FP3,0.7512063701666666,1.0,0.0,0.359598699560112
ControllerIntenSelect,0.07,0.75,0.3,FP4,0.9376955088333332,1.0,0.0,0.2298073761275754
ControllerIntenSelect,0.07,0.75,0.3,FP4,1.0506256491666666,1.0,0.0,0.2640409373815582
ControllerIntenSelect,0.07,0.75,0.3,FP4,0.7958489371666667,1.0,0.0,0.2169167654320299
ControllerIntenSelect,0.07,0.75,0.3,FP5,1.1529107618571428,0.8571428571428571,0.0,0.3278223129210399
ControllerIntenSelect,0.07,0.75,0.3,FP5,1.0675214165,1.0,0.0,0.5396255261757567
ControllerIntenSelect,0.07,0.75,0.3,FP5,1.0506867978333334,1.0,0.0,0.5331090107679903
ControllerIntenSelect,0.07,0.75,0.3,FP6,0.7923630806666667,1.0,0.0,0.1308052279811208
ControllerIntenSelect,0.07,0.75,0.3,FP6,0.664137432,1.0,0.0,0.1044799787083835
ControllerIntenSelect,0.07,0.75,0.3,FP6,0.5979702901666667,1.0,0.0,0.2416079986887988
ControllerIntenSelect,0.07,0.75,0.3,FP7,0.9570057451666668,1.0,0.0,0.4224107449389511
ControllerIntenSelect,0.07,0.75,0.3,FP7,0.8307099474999999,1.0,0.0,0.4828602249731318
ControllerIntenSelect,0.07,0.75,0.3,FP7,0.7709472512857142,0.8571428571428571,0.1428571428571428,0.4389047454533493
ControllerIntenSelect,0.07,0.75,0.3,FP8,0.911039578,0.8571428571428571,0.1428571428571428,0.3608518332206207
ControllerIntenSelect,0.07,0.75,0.3,FP8,0.767737214909091,0.5454545454545454,0.2727272727272727,0.4182735600370434
ControllerIntenSelect,0.07,0.75,0.3,FP8,0.7315268652857142,0.8571428571428571,0.1428571428571428,0.3513826573861561
ControllerIntenSelect,0.07,0.75,0.3,FP9,1.0669757080000002,1.0,0.0,0.2313647944671115
ControllerIntenSelect,0.07,0.75,0.3,FP9,0.888349643375,0.75,0.25,0.8380771626324269
ControllerIntenSelect,0.07,0.75,0.5,FP1,0.670371695125,1.0,0.0,0.2437860988018825
ControllerIntenSelect,0.07,0.75,0.5,FP1,0.862616898625,1.0,0.0,0.2474871157554771
ControllerIntenSelect,0.07,0.75,0.5,FP10,0.763744525,1.0,0.0,0.5764750858640678
ControllerIntenSelect,0.07,0.75,0.5,FP10,0.7496242854285715,0.8571428571428571,0.1428571428571428,0.5869883889816588
ControllerIntenSelect,0.07,0.75,0.5,FP10,0.6830525275000001,1.0,0.0,0.383477492893203
ControllerIntenSelect,0.07,0.75,0.5,FP11,0.6015254191428571,0.8571428571428571,0.1428571428571428,0.1984399078040583
ControllerIntenSelect,0.07,0.75,0.5,FP11,0.5512697461428572,0.8571428571428571,0.1428571428571428,0.4753301362451793
ControllerIntenSelect,0.07,0.75,0.5,FP11,0.6386095688333333,1.0,0.0,0.5947688845886904
ControllerIntenSelect,0.07,0.75,0.5,FP12,0.9692926206666668,1.0,0.0,0.2203074192031268
ControllerIntenSelect,0.07,0.75,0.5,FP12,0.8174930843333333,1.0,0.0,0.2110906932826296
ControllerIntenSelect,0.07,0.75,0.5,FP12,0.6381973433333333,1.0,0.0,0.4067547016997492
ControllerIntenSelect,0.07,0.75,0.5,FP13,0.7638622006666668,1.0,0.0,0.7961287193843192
ControllerIntenSelect,0.07,0.75,0.5,FP13,0.8330567138571429,0.8571428571428571,0.0,0.4042788156322537
ControllerIntenSelect,0.07,0.75,0.5,FP13,0.5607245995,1.0,0.0,0.474635618990361
ControllerIntenSelect,0.07,0.75,0.5,FP14,0.6602149075,1.0,0.0,0.3558780813284926
ControllerIntenSelect,0.07,0.75,0.5,FP14,0.5133192538333333,1.0,0.0,0.8235512829884851
ControllerIntenSelect,0.07,0.75,0.5,FP14,0.6280049903749999,0.75,0.25,0.4830684251370021
ControllerIntenSelect,0.07,0.75,0.5,FP15,0.8171244433333333,1.0,0.0,0.4835962162532941
ControllerIntenSelect,0.07,0.75,0.5,FP15,0.7569405716666666,1.0,0.0,0.6066776184321944
ControllerIntenSelect,0.07,0.75,0.5,FP15,0.6803508911666668,1.0,0.0,0.645548679738732
ControllerIntenSelect,0.07,0.75,0.5,FP16,0.7570232725,1.0,0.0,0.1295121067894941
ControllerIntenSelect,0.07,0.75,0.5,FP16,0.8334263816666666,1.0,0.0,0.1751958574518433
ControllerIntenSelect,0.07,0.75,0.5,FP16,0.772975969,1.0,0.0,0.1458130506705051
ControllerIntenSelect,0.07,0.75,0.5,FP17,1.1708304466666666,1.0,0.0,0.4103426149412946
ControllerIntenSelect,0.07,0.75,0.5,FP17,1.09470724,1.0,0.0,0.1727041305588957
ControllerIntenSelect,0.07,0.75,0.5,FP17,0.8978040811666667,1.0,0.0,0.1992441501494566
ControllerIntenSelect,0.07,0.75,0.5,FP18,0.8478187693333333,1.0,0.0,0.6752834458637905
ControllerIntenSelect,0.07,0.75,0.5,FP18,0.6757191192857144,0.8571428571428571,0.1428571428571428,0.6337150329992697
ControllerIntenSelect,0.07,0.75,0.5,FP18,0.9004405073333333,1.0,0.0,0.5726280507948602
ControllerIntenSelect,0.07,0.75,0.5,FP19,0.8339833698333333,1.0,0.0,0.3840707392931988
ControllerIntenSelect,0.07,0.75,0.5,FP19,0.7973311922500002,0.75,0.125,0.7388013607503449
ControllerIntenSelect,0.07,0.75,0.5,FP19,0.8254574078333333,1.0,0.0,0.3356222205153392
ControllerIntenSelect,0.07,0.75,0.5,FP2,1.045340015875,1.0,0.0,0.4296118425430183
ControllerIntenSelect,0.07,0.75,0.5,FP2,0.814443714875,1.0,0.0,0.4680228170585196
ControllerIntenSelect,0.07,0.75,0.5,FP2,0.7341549592000001,0.8,0.1,0.3547043401396497
ControllerIntenSelect,0.07,0.75,0.5,FP20,0.6873746931666668,1.0,0.0,1.166058861145927
ControllerIntenSelect,0.07,0.75,0.5,FP20,0.8576170957142857,0.8571428571428571,0.1428571428571428,1.223105685632399
ControllerIntenSelect,0.07,0.75,0.5,FP20,1.12256229,1.0,0.0,0.6234239795605967
ControllerIntenSelect,0.07,0.75,0.5,FP21,1.0224751003333334,1.0,0.0,0.2986041337290683
ControllerIntenSelect,0.07,0.75,0.5,FP21,0.7721137494999999,1.0,0.0,0.3070300935400925
ControllerIntenSelect,0.07,0.75,0.5,FP21,0.7897647675,1.0,0.0,0.3704155990936402
ControllerIntenSelect,0.07,0.75,0.5,FP22,1.0369047534999998,1.0,0.0,0.3319429315823825
ControllerIntenSelect,0.07,0.75,0.5,FP22,0.8121023154999999,1.0,0.0,0.3118559114850883
ControllerIntenSelect,0.07,0.75,0.5,FP22,0.9880459061428573,0.8571428571428571,0.0,0.4365496502695578
ControllerIntenSelect,0.07,0.75,0.5,FP23,0.3870769272222222,0.6666666666666666,0.3333333333333333,0.6917495655649636
ControllerIntenSelect,0.07,0.75,0.5,FP23,0.39791721795,0.75,0.0,0.7202354406726678
ControllerIntenSelect,0.07,0.75,0.5,FP23,0.3763517115833334,0.5,0.1666666666666666,0.7529250094150123
ControllerIntenSelect,0.07,0.75,0.5,FP24,0.7228856671666666,1.0,0.0,0.2871772792071014
ControllerIntenSelect,0.07,0.75,0.5,FP24,0.9581554655,1.0,0.0,0.2758669524235874
ControllerIntenSelect,0.07,0.75,0.5,FP24,0.6758709436666667,1.0,0.0,0.8083465455032918
ControllerIntenSelect,0.07,0.75,0.5,FP3,0.6067776418571429,0.8571428571428571,0.1428571428571428,0.6133689041555651
ControllerIntenSelect,0.07,0.75,0.5,FP3,0.4443989243333333,1.0,0.0,0.3876431133748494
ControllerIntenSelect,0.07,0.75,0.5,FP3,0.5982151753333332,1.0,0.0,0.4505494669103752
ControllerIntenSelect,0.07,0.75,0.5,FP4,0.7265594348333333,1.0,0.0,0.2237462430225049
ControllerIntenSelect,0.07,0.75,0.5,FP4,0.839811661,1.0,0.0,0.2869865437924332
ControllerIntenSelect,0.07,0.75,0.5,FP4,0.8401579026666667,1.0,0.0,0.2369743242622731
ControllerIntenSelect,0.07,0.75,0.5,FP5,1.1688866781428573,0.8571428571428571,0.1428571428571428,0.6826222386535366
ControllerIntenSelect,0.07,0.75,0.5,FP5,0.815299455,1.0,0.0,0.4195695345319076
ControllerIntenSelect,0.07,0.75,0.5,FP5,1.1705949116666667,1.0,0.0,0.2728622303122188
ControllerIntenSelect,0.07,0.75,0.5,FP6,0.7571932378333335,1.0,0.0,0.1549090335513619
ControllerIntenSelect,0.07,0.75,0.5,FP6,0.6995375911666667,1.0,0.0,0.1852097874144629
ControllerIntenSelect,0.07,0.75,0.5,FP6,0.8111447811428573,0.8571428571428571,0.0,0.1305306164659119
ControllerIntenSelect,0.07,0.75,0.5,FP7,0.8720310084999999,1.0,0.0,0.4290744401175279
ControllerIntenSelect,0.07,0.75,0.5,FP7,1.0624974098333333,1.0,0.0,0.621842643791514
ControllerIntenSelect,0.07,0.75,0.5,FP7,0.7976001341666666,1.0,0.0,0.7042621515114118
ControllerIntenSelect,0.07,0.75,0.5,FP8,0.6010837302857144,0.8571428571428571,0.0,0.2707948947146412
ControllerIntenSelect,0.07,0.75,0.5,FP8,0.6924301661428572,0.8571428571428571,0.1428571428571428,0.5058925696998583
ControllerIntenSelect,0.07,0.75,0.5,FP8,0.6010826911,0.6,0.3,0.6294651535084628
ControllerIntenSelect,0.07,0.75,0.5,FP9,0.9511962035,1.0,0.0,0.4774249297165308
ControllerIntenSelect,0.07,0.75,0.5,FP9,1.089699025142857,0.8571428571428571,0.1428571428571428,1.2812274112432755
ControllerIntenSelect,0.07,0.75,0.7,FP1,0.8551170232222222,0.8888888888888888,0.1111111111111111,0.3313869525120096
ControllerIntenSelect,0.07,0.75,0.7,FP1,1.05771101825,1.0,0.0,0.2228463630495628
ControllerIntenSelect,0.07,0.75,0.7,FP1,0.712933476375,1.0,0.0,0.255239775764137
ControllerIntenSelect,0.07,0.75,0.7,FP10,0.7388755663000001,0.6,0.3,1.1702418308582272
ControllerIntenSelect,0.07,0.75,0.7,FP10,0.8138975233333334,1.0,0.0,0.8367986325318313
ControllerIntenSelect,0.07,0.75,0.7,FP10,0.5068766293333334,1.0,0.0,1.201952566151365
ControllerIntenSelect,0.07,0.75,0.7,FP11,0.6721009505714285,0.8571428571428571,0.0,0.3282882155219941
ControllerIntenSelect,0.07,0.75,0.7,FP11,0.601959968,1.0,0.0,0.5646177540858753
ControllerIntenSelect,0.07,0.75,0.7,FP11,0.5462849766666666,1.0,0.0,0.5357357360814995
ControllerIntenSelect,0.07,0.75,0.7,FP12,1.1747776765000002,1.0,0.0,0.2978877522576307
ControllerIntenSelect,0.07,0.75,0.7,FP12,0.5347123213333332,1.0,0.0,0.303301317653815
ControllerIntenSelect,0.07,0.75,0.7,FP12,0.8341660928571429,0.8571428571428571,0.1428571428571428,0.2782500090939365
ControllerIntenSelect,0.07,0.75,0.7,FP13,0.8956041044999999,1.0,0.0,0.6294668304669058
ControllerIntenSelect,0.07,0.75,0.7,FP13,0.6673004517777777,0.6666666666666666,0.3333333333333333,0.6054815040600356
ControllerIntenSelect,0.07,0.75,0.7,FP13,0.7775162966666667,1.0,0.0,0.9248095441458708
ControllerIntenSelect,0.07,0.75,0.7,FP14,0.6367310719999999,0.8571428571428571,0.0,0.4599392836428547
ControllerIntenSelect,0.07,0.75,0.7,FP14,0.6096581357142857,0.8571428571428571,0.0,0.5242845683491619
ControllerIntenSelect,0.07,0.75,0.7,FP14,0.6422850265,1.0,0.0,0.531147331323812
ControllerIntenSelect,0.07,0.75,0.7,FP15,0.7801037807142857,0.8571428571428571,0.0,0.6007667059519352
ControllerIntenSelect,0.07,0.75,0.7,FP15,0.6753153613333334,1.0,0.0,0.5134220407636295
ControllerIntenSelect,0.07,0.75,0.7,FP15,0.7754837471666667,1.0,0.0,0.5228996546252391
ControllerIntenSelect,0.07,0.75,0.7,FP16,0.8957020031666666,1.0,0.0,0.1560885504004082
ControllerIntenSelect,0.07,0.75,0.7,FP16,0.9648323631666668,1.0,0.0,0.161588630337442
ControllerIntenSelect,0.07,0.75,0.7,FP16,0.7663101229999999,1.0,0.0,0.3545329315012153
ControllerIntenSelect,0.07,0.75,0.7,FP17,1.034793836666667,1.0,0.0,0.5131070436287813
ControllerIntenSelect,0.07,0.75,0.7,FP17,0.7069717595,1.0,0.0,0.1532779494717104
ControllerIntenSelect,0.07,0.75,0.7,FP17,0.7770183346666667,1.0,0.0,0.5384289702717102
ControllerIntenSelect,0.07,0.75,0.7,FP18,0.811928349,1.0,0.0,0.4346772258591362
ControllerIntenSelect,0.07,0.75,0.7,FP18,0.6765876363333333,1.0,0.0,0.4255311878320688
ControllerIntenSelect,0.07,0.75,0.7,FP18,0.5298919437142857,0.8571428571428571,0.0,0.9046710415327308
ControllerIntenSelect,0.07,0.75,0.7,FP19,0.7055149551666666,1.0,0.0,0.4142550013132137
ControllerIntenSelect,0.07,0.75,0.7,FP19,0.7294611066666666,1.0,0.0,0.6650675776466451
ControllerIntenSelect,0.07,0.75,0.7,FP19,0.8151911493333334,1.0,0.0,0.3833307502217674
ControllerIntenSelect,0.07,0.75,0.7,FP2,0.7362515090999999,0.8,0.2,0.9874853878952956
ControllerIntenSelect,0.07,0.75,0.7,FP2,0.734539682125,1.0,0.0,0.2944800141595366
ControllerIntenSelect,0.07,0.75,0.7,FP2,1.1024741225,1.0,0.0,0.5526243564230928
ControllerIntenSelect,0.07,0.75,0.7,FP20,0.8384214979999999,1.0,0.0,0.5932448562653571
ControllerIntenSelect,0.07,0.75,0.7,FP20,0.9194551555,1.0,0.0,0.7582154021170716
ControllerIntenSelect,0.07,0.75,0.7,FP21,1.122734676,1.0,0.0,0.3197228064404727
ControllerIntenSelect,0.07,0.75,0.7,FP21,0.8381291063333335,1.0,0.0,0.2539262806117144
ControllerIntenSelect,0.07,0.75,0.7,FP21,0.7384918983333333,1.0,0.0,0.3453869308837722
ControllerIntenSelect,0.07,0.75,0.7,FP22,1.1691715016666668,1.0,0.0,0.5014700258337349
ControllerIntenSelect,0.07,0.75,0.7,FP22,0.8558973956666666,1.0,0.0,0.4610461888637631
ControllerIntenSelect,0.07,0.75,0.7,FP22,0.9655056203333332,1.0,0.0,0.6390218492808718
ControllerIntenSelect,0.07,0.75,0.7,FP23,0.4307051044285713,0.8571428571428571,0.0,1.7754208830181792
ControllerIntenSelect,0.07,0.75,0.7,FP23,0.2886520371111111,0.6666666666666666,0.1111111111111111,2.2711071078170284
ControllerIntenSelect,0.07,0.75,0.7,FP23,0.713038535875,0.75,0.125,0.3974027406004236
ControllerIntenSelect,0.07,0.75,0.7,FP24,0.8056917338333335,1.0,0.0,0.3024953812972173
ControllerIntenSelect,0.07,0.75,0.7,FP24,0.6600129286666667,1.0,0.0,0.4700009847912821
ControllerIntenSelect,0.07,0.75,0.7,FP24,1.027400952,1.0,0.0,0.342257799698047
ControllerIntenSelect,0.07,0.75,0.7,FP3,0.9558368548333332,1.0,0.0,0.7266686642010067
ControllerIntenSelect,0.07,0.75,0.7,FP3,0.6335654546666666,1.0,0.0,0.508579586601868
ControllerIntenSelect,0.07,0.75,0.7,FP3,0.773271211,1.0,0.0,0.3626252900207636
ControllerIntenSelect,0.07,0.75,0.7,FP4,0.8996445536666667,1.0,0.0,0.4615745700741262
ControllerIntenSelect,0.07,0.75,0.7,FP4,0.6447705081428572,0.8571428571428571,0.0,0.3735888683772322
ControllerIntenSelect,0.07,0.75,0.7,FP4,0.9300259013333332,1.0,0.0,0.3120530613522488
ControllerIntenSelect,0.07,0.75,0.7,FP5,0.6207747623333333,1.0,0.0,0.7576701002365468
ControllerIntenSelect,0.07,0.75,0.7,FP5,1.268736211,1.0,0.0,0.4223900429564055
ControllerIntenSelect,0.07,0.75,0.7,FP5,1.2843135531666667,1.0,0.0,0.7086137284782495
ControllerIntenSelect,0.07,0.75,0.7,FP6,0.8756185563333333,1.0,0.0,0.4090225472631142
ControllerIntenSelect,0.07,0.75,0.7,FP6,0.8795564296666667,1.0,0.0,0.2951353429550694
ControllerIntenSelect,0.07,0.75,0.7,FP6,0.6646366,1.0,0.0,0.2588345165990107
ControllerIntenSelect,0.07,0.75,0.7,FP7,0.8052388829999999,1.0,0.0,0.3364253078951548
ControllerIntenSelect,0.07,0.75,0.7,FP7,0.6501730458333334,1.0,0.0,0.4540835410897312
ControllerIntenSelect,0.07,0.75,0.7,FP7,1.417876314833333,1.0,0.0,0.5569572236998969
ControllerIntenSelect,0.07,0.75,0.7,FP8,0.6086608606666666,1.0,0.0,0.4673574834750902
ControllerIntenSelect,0.07,0.75,0.7,FP8,0.7360149131428572,0.8571428571428571,0.1428571428571428,0.5737262775151891
ControllerIntenSelect,0.07,0.75,0.7,FP8,0.6450745755714287,0.8571428571428571,0.1428571428571428,1.2307530235512345
ControllerIntenSelect,0.07,0.75,0.7,FP9,0.9460528615,1.0,0.0,0.2980601697550588
ControllerIntenSelect,0.07,0.75,0.7,FP9,0.9079024171666666,1.0,0.0,0.6021522764070373
ControllerIntenSelect,0.14,0.75,0.3,FP1,0.831807486,1.0,0.0,0.1624332888653284
ControllerIntenSelect,0.14,0.75,0.3,FP1,0.8953117325555555,0.8888888888888888,0.0,0.1527131951628637
ControllerIntenSelect,0.14,0.75,0.3,FP1,1.01855791375,1.0,0.0,0.1564550527091538
ControllerIntenSelect,0.14,0.75,0.3,FP1,0.7552864985,1.0,0.0,0.1923598595795146
ControllerIntenSelect,0.14,0.75,0.3,FP10,0.7441836679,0.6,0.3,0.7444313680899892
ControllerIntenSelect,0.14,0.75,0.3,FP10,0.6203392138888889,0.6666666666666666,0.3333333333333333,0.6001936667811365
ControllerIntenSelect,0.14,0.75,0.3,FP10,0.5952816112499999,0.75,0.125,0.4831902406022926
ControllerIntenSelect,0.14,0.75,0.3,FP11,0.5601910636666666,1.0,0.0,0.2143464547277093
ControllerIntenSelect,0.14,0.75,0.3,FP11,0.7097295868571428,0.8571428571428571,0.0,0.2990602326097214
ControllerIntenSelect,0.14,0.75,0.3,FP11,0.6488114983333334,1.0,0.0,0.2413494115344826
ControllerIntenSelect,0.14,0.75,0.3,FP12,0.6945968833333334,1.0,0.0,0.3636859461880833
ControllerIntenSelect,0.14,0.75,0.3,FP12,0.6176200705714285,0.8571428571428571,0.0,0.3558687655015741
ControllerIntenSelect,0.14,0.75,0.3,FP12,0.6090251999999999,1.0,0.0,0.2341263043696489
ControllerIntenSelect,0.14,0.75,0.3,FP13,0.8523229933333333,1.0,0.0,0.2185678342095317
ControllerIntenSelect,0.14,0.75,0.3,FP13,0.8842432016666667,1.0,0.0,0.3270690962433826
ControllerIntenSelect,0.14,0.75,0.3,FP13,0.9589260366666666,1.0,0.0,0.3404134980788875
ControllerIntenSelect,0.14,0.75,0.3,FP14,0.5430864136666665,0.6666666666666666,0.3333333333333333,0.805199543800161
ControllerIntenSelect,0.14,0.75,0.3,FP14,0.595245906375,0.75,0.125,0.6690012656574555
ControllerIntenSelect,0.14,0.75,0.3,FP14,0.7847237982499999,0.75,0.125,0.2968541011544495
ControllerIntenSelect,0.14,0.75,0.3,FP15,0.7035032499999999,1.0,0.0,0.5751716861341042
ControllerIntenSelect,0.14,0.75,0.3,FP15,0.7588955,1.0,0.0,0.6686364925511873
ControllerIntenSelect,0.14,0.75,0.3,FP15,0.8350517063333335,1.0,0.0,0.3069820750033619
ControllerIntenSelect,0.14,0.75,0.3,FP16,0.7131731715000001,1.0,0.0,0.1391802037188679
ControllerIntenSelect,0.14,0.75,0.3,FP16,0.5765991325000001,1.0,0.0,0.1105138451600405
ControllerIntenSelect,0.14,0.75,0.3,FP16,0.7783829388571428,0.8571428571428571,0.1428571428571428,0.2012373144841426
ControllerIntenSelect,0.14,0.75,0.3,FP17,0.8536350676666667,1.0,0.0,0.3811292728684681
ControllerIntenSelect,0.14,0.75,0.3,FP17,0.8097949935714287,0.8571428571428571,0.1428571428571428,0.2484190183379594
ControllerIntenSelect,0.14,0.75,0.3,FP17,0.968814802875,0.75,0.125,0.3123811015657414
ControllerIntenSelect,0.14,0.75,0.3,FP18,1.072847452125,0.75,0.25,0.7876269835347799
ControllerIntenSelect,0.14,0.75,0.3,FP18,0.7104382855,0.75,0.125,0.2915386654237443
ControllerIntenSelect,0.14,0.75,0.3,FP18,1.0225104960714284,0.4285714285714285,0.5714285714285714,0.48472010598885
ControllerIntenSelect,0.14,0.75,0.3,FP19,0.6327613601666667,1.0,0.0,0.1523395898342472
ControllerIntenSelect,0.14,0.75,0.3,FP19,0.97567631225,0.75,0.25,0.6972033454921127
ControllerIntenSelect,0.14,0.75,0.3,FP19,0.710901085,0.75,0.0,0.4833959428262429
ControllerIntenSelect,0.14,0.75,0.3,FP2,0.7997868593636362,0.7272727272727273,0.2727272727272727,0.3424395433209471
ControllerIntenSelect,0.14,0.75,0.3,FP2,0.7408418284444446,0.8888888888888888,0.1111111111111111,0.4207396363274667
ControllerIntenSelect,0.14,0.75,0.3,FP2,0.8671374925000002,0.8,0.2,0.2480766552790709
ControllerIntenSelect,0.14,0.75,0.3,FP20,0.7182688236666666,1.0,0.0,0.8285043753299953
ControllerIntenSelect,0.14,0.75,0.3,FP20,0.8740545003333332,1.0,0.0,0.8818809729557874
ControllerIntenSelect,0.14,0.75,0.3,FP20,1.1639846938,0.6,0.4,0.9833198403889248
ControllerIntenSelect,0.14,0.75,0.3,FP21,1.0181977242857143,0.8571428571428571,0.1428571428571428,0.1879101159978337
ControllerIntenSelect,0.14,0.75,0.3,FP21,0.9130715704285712,0.8571428571428571,0.1428571428571428,0.3005562467351222
ControllerIntenSelect,0.14,0.75,0.3,FP21,1.0440089557142858,0.8571428571428571,0.1428571428571428,0.3065993178088631
ControllerIntenSelect,0.14,0.75,0.3,FP22,1.140758077857143,0.8571428571428571,0.1428571428571428,0.2949666342063968
ControllerIntenSelect,0.14,0.75,0.3,FP22,1.2288769866666664,1.0,0.0,0.1955190496601714
ControllerIntenSelect,0.14,0.75,0.3,FP22,0.9902245195,0.6,0.4,0.417512705416356
ControllerIntenSelect,0.14,0.75,0.3,FP23,0.5035264160833333,0.5,0.3333333333333333,0.4712980931232131
ControllerIntenSelect,0.14,0.75,0.3,FP23,0.3333834853636364,0.5454545454545454,0.3636363636363636,1.1683619306377386
ControllerIntenSelect,0.14,0.75,0.3,FP23,0.5520013345714286,0.8571428571428571,0.1428571428571428,0.3889757206356537
ControllerIntenSelect,0.14,0.75,0.3,FP24,0.7632846978333334,1.0,0.0,0.2571123255936809
ControllerIntenSelect,0.14,0.75,0.3,FP24,0.8260366901666666,1.0,0.0,0.1893682445532589
ControllerIntenSelect,0.14,0.75,0.3,FP24,0.8016324800000001,0.75,0.25,0.5002144250641914
ControllerIntenSelect,0.14,0.75,0.3,FP3,0.7302271148749999,0.75,0.25,0.4072078350216224
ControllerIntenSelect,0.14,0.75,0.3,FP3,0.8021068815714286,0.8571428571428571,0.0,0.3575483091940512
ControllerIntenSelect,0.14,0.75,0.3,FP3,0.610901182,1.0,0.0,0.5448870919905243
ControllerIntenSelect,0.14,0.75,0.3,FP4,0.6908563721666666,1.0,0.0,0.3774269758979764
ControllerIntenSelect,0.14,0.75,0.3,FP4,0.6888000000000001,1.0,0.0,0.1903824631674718
ControllerIntenSelect,0.14,0.75,0.3,FP4,0.671246683,1.0,0.0,0.2628975094135515
ControllerIntenSelect,0.14,0.75,0.3,FP5,1.1227084189999998,0.6666666666666666,0.1111111111111111,0.4540764272398932
ControllerIntenSelect,0.14,0.75,0.3,FP5,1.2197593,0.8571428571428571,0.1428571428571428,0.4124201263334204
ControllerIntenSelect,0.14,0.75,0.3,FP5,1.0810000222857143,0.8571428571428571,0.1428571428571428,0.3650371057636886
ControllerIntenSelect,0.14,0.75,0.3,FP6,0.8867869,1.0,0.0,0.3297311139254658
ControllerIntenSelect,0.14,0.75,0.3,FP6,0.8218377024999999,1.0,0.0,0.2208504304660436
ControllerIntenSelect,0.14,0.75,0.3,FP6,0.859328885,1.0,0.0,0.2115074780204813
ControllerIntenSelect,0.14,0.75,0.3,FP7,0.6460045480000001,1.0,0.0,0.2972957746292258
ControllerIntenSelect,0.14,0.75,0.3,FP7,0.961445023,1.0,0.0,0.6092435370356117
ControllerIntenSelect,0.14,0.75,0.3,FP7,0.7712240595555555,0.6666666666666666,0.1111111111111111,0.6787162622479017
ControllerIntenSelect,0.14,0.75,0.3,FP8,0.7546298498888888,0.6666666666666666,0.2222222222222222,0.3530866717972336
ControllerIntenSelect,0.14,0.75,0.3,FP8,0.7886440237500001,0.75,0.125,0.5833686454324176
ControllerIntenSelect,0.14,0.75,0.3,FP8,0.4983989425,1.0,0.0,0.7786513977790435
ControllerIntenSelect,0.14,0.75,0.3,FP9,0.9701299934285714,0.8571428571428571,0.1428571428571428,0.7686733970056652
ControllerIntenSelect,0.14,0.75,0.3,FP9,0.7839577008571429,0.8571428571428571,0.1428571428571428,0.7892152612668359
ControllerIntenSelect,0.14,0.75,0.5,FP1,0.7667177944000001,0.8,0.1,0.2508978933321261
ControllerIntenSelect,0.14,0.75,0.5,FP1,0.623783315875,1.0,0.0,0.2034881065518028
ControllerIntenSelect,0.14,0.75,0.5,FP1,0.7734959149999999,1.0,0.0,0.2105125147414356
ControllerIntenSelect,0.14,0.75,0.5,FP10,0.7337011804285715,0.8571428571428571,0.1428571428571428,0.6373499904103526
ControllerIntenSelect,0.14,0.75,0.5,FP10,0.596627665,0.8571428571428571,0.1428571428571428,0.7777588393674771
ControllerIntenSelect,0.14,0.75,0.5,FP10,0.540244644,0.75,0.125,0.7644816428265689
ControllerIntenSelect,0.14,0.75,0.5,FP11,0.5579268951666666,1.0,0.0,0.4260786523101325
ControllerIntenSelect,0.14,0.75,0.5,FP11,0.5664996965,1.0,0.0,0.5313186668598852
ControllerIntenSelect,0.14,0.75,0.5,FP11,0.5518339305714286,0.8571428571428571,0.1428571428571428,0.4367888544341723
ControllerIntenSelect,0.14,0.75,0.5,FP12,0.6361031962500001,0.75,0.125,0.3108524301810526
ControllerIntenSelect,0.14,0.75,0.5,FP12,0.7495147095000001,1.0,0.0,0.4033979923338026
ControllerIntenSelect,0.14,0.75,0.5,FP12,0.6912521718333333,1.0,0.0,0.3069103551984133
ControllerIntenSelect,0.14,0.75,0.5,FP13,0.7038529518333334,1.0,0.0,0.3958343586380546
ControllerIntenSelect,0.14,0.75,0.5,FP13,0.9232117081666668,1.0,0.0,0.3724822802666914
ControllerIntenSelect,0.14,0.75,0.5,FP13,0.7718222382857143,0.8571428571428571,0.1428571428571428,0.9147577788227522
ControllerIntenSelect,0.14,0.75,0.5,FP14,0.550712161,1.0,0.0,0.499223111738835
ControllerIntenSelect,0.14,0.75,0.5,FP14,0.9121686748333332,1.0,0.0,0.3279314689951913
ControllerIntenSelect,0.14,0.75,0.5,FP14,0.7205251413333333,1.0,0.0,0.4074012091495322
ControllerIntenSelect,0.14,0.75,0.5,FP15,0.7286694113333333,1.0,0.0,0.7949524010245205
ControllerIntenSelect,0.14,0.75,0.5,FP15,0.6088116131666667,1.0,0.0,0.5487630674264931
ControllerIntenSelect,0.14,0.75,0.5,FP15,0.615856472,1.0,0.0,0.4090783276217863
ControllerIntenSelect,0.14,0.75,0.5,FP16,0.748897355,1.0,0.0,0.1967498686037236
ControllerIntenSelect,0.14,0.75,0.5,FP16,0.6597148581666666,1.0,0.0,0.1214241509948044
ControllerIntenSelect,0.14,0.75,0.5,FP16,0.8967886500000001,0.8571428571428571,0.1428571428571428,0.5529647238046008
ControllerIntenSelect,0.14,0.75,0.5,FP17,1.0916173057142855,0.8571428571428571,0.0,0.4482489071542922
ControllerIntenSelect,0.14,0.75,0.5,FP17,0.7822494015,1.0,0.0,0.104936363342575
ControllerIntenSelect,0.14,0.75,0.5,FP17,0.8897746603333334,1.0,0.0,0.3771745918535317
ControllerIntenSelect,0.14,0.75,0.5,FP18,0.8216491388333335,1.0,0.0,0.5496154013683715
ControllerIntenSelect,0.14,0.75,0.5,FP18,0.8473926033333333,1.0,0.0,0.2388569650016083
ControllerIntenSelect,0.14,0.75,0.5,FP18,0.8154585147142858,0.8571428571428571,0.1428571428571428,0.6943708653676613
ControllerIntenSelect,0.14,0.75,0.5,FP19,0.8238701683333333,1.0,0.0,0.4049613047209138
ControllerIntenSelect,0.14,0.75,0.5,FP19,0.847298540375,0.75,0.125,0.8233452691526536
ControllerIntenSelect,0.14,0.75,0.5,FP19,0.7480025898571429,0.8571428571428571,0.0,0.3960591133156382
ControllerIntenSelect,0.14,0.75,0.5,FP2,0.8566136201111111,0.8888888888888888,0.1111111111111111,0.6550759924315694
ControllerIntenSelect,0.14,0.75,0.5,FP2,0.910787909,1.0,0.0,0.3800973457374553
ControllerIntenSelect,0.14,0.75,0.5,FP2,0.7959342086666668,0.8888888888888888,0.1111111111111111,0.4735593978399851
ControllerIntenSelect,0.14,0.75,0.5,FP20,0.7128591883333333,1.0,0.0,1.42262651354909
ControllerIntenSelect,0.14,0.75,0.5,FP20,1.083377283,1.0,0.0,0.5940249212434462
ControllerIntenSelect,0.14,0.75,0.5,FP20,1.34806013,1.0,0.0,0.8505790398997899
ControllerIntenSelect,0.14,0.75,0.5,FP21,0.9247130100000002,0.8571428571428571,0.1428571428571428,0.3766455281607554
ControllerIntenSelect,0.14,0.75,0.5,FP21,0.7363945605,1.0,0.0,0.2150567279518191
ControllerIntenSelect,0.14,0.75,0.5,FP21,0.8208038389999999,1.0,0.0,0.3301836840322138
ControllerIntenSelect,0.14,0.75,0.5,FP22,0.8930892965,1.0,0.0,0.3147294121740119
ControllerIntenSelect,0.14,0.75,0.5,FP22,0.5925303618333333,1.0,0.0,0.197549090364949
ControllerIntenSelect,0.14,0.75,0.5,FP23,0.4340189694285715,0.8571428571428571,0.1428571428571428,0.9525756235075604
ControllerIntenSelect,0.14,0.75,0.5,FP23,0.304520607,0.75,0.125,1.008297211412149
ControllerIntenSelect,0.14,0.75,0.5,FP23,0.3541382578571428,0.8571428571428571,0.1428571428571428,1.5540976250848548
ControllerIntenSelect,0.14,0.75,0.5,FP24,0.702265101857143,0.8571428571428571,0.1428571428571428,0.490649342523474
ControllerIntenSelect,0.14,0.75,0.5,FP24,0.7239233971666666,1.0,0.0,0.3494149976607432
ControllerIntenSelect,0.14,0.75,0.5,FP24,0.8550887500000001,0.8571428571428571,0.1428571428571428,0.5516685911340092
ControllerIntenSelect,0.14,0.75,0.5,FP3,0.6852310833333334,1.0,0.0,0.4406335971602697
ControllerIntenSelect,0.14,0.75,0.5,FP3,0.6668164218333333,1.0,0.0,0.5653303447340875
ControllerIntenSelect,0.14,0.75,0.5,FP3,0.5569239595000001,1.0,0.0,0.3275843819093649
ControllerIntenSelect,0.14,0.75,0.5,FP4,0.7101157098333334,1.0,0.0,0.4451230129203362
ControllerIntenSelect,0.14,0.75,0.5,FP4,0.9214191061666668,1.0,0.0,0.2948920214515619
ControllerIntenSelect,0.14,0.75,0.5,FP4,0.5780914762857144,0.8571428571428571,0.1428571428571428,0.4513651195882582
ControllerIntenSelect,0.14,0.75,0.5,FP5,1.0433837446666667,1.0,0.0,0.5832214546472426
ControllerIntenSelect,0.14,0.75,0.5,FP5,0.944352620625,0.75,0.25,0.9334024075900742
ControllerIntenSelect,0.14,0.75,0.5,FP5,1.057863874833333,1.0,0.0,0.7576108141623953
ControllerIntenSelect,0.14,0.75,0.5,FP6,1.069596839,1.0,0.0,0.2741495753986927
ControllerIntenSelect,0.14,0.75,0.5,FP6,0.6157817501666666,1.0,0.0,0.1148450672545584
ControllerIntenSelect,0.14,0.75,0.5,FP6,0.7037455553333333,1.0,0.0,0.3120488456265224
ControllerIntenSelect,0.14,0.75,0.5,FP7,0.8267640559999999,1.0,0.0,0.4090713753747928
ControllerIntenSelect,0.14,0.75,0.5,FP7,0.7197819203333333,1.0,0.0,0.4328152006465813
ControllerIntenSelect,0.14,0.75,0.5,FP7,0.7782231072857143,0.8571428571428571,0.1428571428571428,0.3735253352431775
ControllerIntenSelect,0.14,0.75,0.5,FP8,0.680564571,1.0,0.0,0.5919785249725881
ControllerIntenSelect,0.14,0.75,0.5,FP8,0.6542210958571429,0.8571428571428571,0.1428571428571428,0.767880935369055
ControllerIntenSelect,0.14,0.75,0.5,FP8,0.6557427323333332,1.0,0.0,0.4027777454208914
ControllerIntenSelect,0.14,0.75,0.5,FP9,0.7781860588333335,1.0,0.0,0.865388571045472
ControllerIntenSelect,0.14,0.75,0.5,FP9,0.7350526235,1.0,0.0,0.9736726975802342
ControllerIntenSelect,0.14,0.75,0.7,FP1,0.930441272125,1.0,0.0,0.1760405505239809
ControllerIntenSelect,0.14,0.75,0.7,FP1,0.8410525291250001,1.0,0.0,0.1667169740307567
ControllerIntenSelect,0.14,0.75,0.7,FP1,0.6939669393333333,0.8888888888888888,0.1111111111111111,0.2215674919510163
ControllerIntenSelect,0.14,0.75,0.7,FP1,0.726298929875,1.0,0.0,0.9247840884891234
ControllerIntenSelect,0.14,0.75,0.7,FP10,0.6855259020000001,1.0,0.0,0.7974002741823204
ControllerIntenSelect,0.14,0.75,0.7,FP10,0.7523933406666666,1.0,0.0,0.654190382493188
ControllerIntenSelect,0.14,0.75,0.7,FP10,0.6643542351666666,1.0,0.0,1.0496862629235455
ControllerIntenSelect,0.14,0.75,0.7,FP11,0.7342772917142858,0.8571428571428571,0.0,0.4954818506356392
ControllerIntenSelect,0.14,0.75,0.7,FP11,0.5573827555,1.0,0.0,0.4905862111022523
ControllerIntenSelect,0.14,0.75,0.7,FP11,0.5990894695000001,1.0,0.0,0.2255188114946068
ControllerIntenSelect,0.14,0.75,0.7,FP12,0.9562313998333334,1.0,0.0,0.2691363692725212
ControllerIntenSelect,0.14,0.75,0.7,FP12,0.6411198895,1.0,0.0,0.5764718952760827
ControllerIntenSelect,0.14,0.75,0.7,FP12,0.7829006996666665,1.0,0.0,0.2243753733134052
ControllerIntenSelect,0.14,0.75,0.7,FP13,0.7780018682857142,0.8571428571428571,0.1428571428571428,1.003117678515445
ControllerIntenSelect,0.14,0.75,0.7,FP13,0.8179737125714287,0.8571428571428571,0.1428571428571428,0.3274497884052688
ControllerIntenSelect,0.14,0.75,0.7,FP13,0.7840161668333333,1.0,0.0,0.824700125534505
ControllerIntenSelect,0.14,0.75,0.7,FP14,0.7681036268333333,1.0,0.0,0.505552421735643
ControllerIntenSelect,0.14,0.75,0.7,FP14,0.8030631906666668,1.0,0.0,0.6537145524130016
ControllerIntenSelect,0.14,0.75,0.7,FP14,0.794200455,1.0,0.0,0.3639094838958627
ControllerIntenSelect,0.14,0.75,0.7,FP15,0.6956542888333334,1.0,0.0,0.6749355328868895
ControllerIntenSelect,0.14,0.75,0.7,FP15,0.522397426,1.0,0.0,0.6098805839028372
ControllerIntenSelect,0.14,0.75,0.7,FP15,0.6873174426666667,1.0,0.0,0.6490721870695131
ControllerIntenSelect,0.14,0.75,0.7,FP16,0.7495820996666667,1.0,0.0,0.2922473678169495
ControllerIntenSelect,0.14,0.75,0.7,FP16,0.7854817438571429,0.8571428571428571,0.0,0.1559341179976287
ControllerIntenSelect,0.14,0.75,0.7,FP16,0.5811978968333333,1.0,0.0,0.1866988382338598
ControllerIntenSelect,0.14,0.75,0.7,FP17,1.0681201636666666,1.0,0.0,0.2486142361429289
ControllerIntenSelect,0.14,0.75,0.7,FP17,0.7708903039999999,1.0,0.0,0.1862852862589105
ControllerIntenSelect,0.14,0.75,0.7,FP17,0.7753096023333333,1.0,0.0,0.2188811957845703
ControllerIntenSelect,0.14,0.75,0.7,FP18,0.7937653578333334,1.0,0.0,0.7749659939047722
ControllerIntenSelect,0.14,0.75,0.7,FP18,0.6291011341666667,1.0,0.0,0.4829577529155565
ControllerIntenSelect,0.14,0.75,0.7,FP18,0.5976268545,1.0,0.0,1.116160957322203
ControllerIntenSelect,0.14,0.75,0.7,FP19,0.7200533771666667,1.0,0.0,0.5371226460264414
ControllerIntenSelect,0.14,0.75,0.7,FP19,0.6932510918333333,1.0,0.0,0.3427796878434158
ControllerIntenSelect,0.14,0.75,0.7,FP19,0.9716984424285714,0.8571428571428571,0.0,0.3669428264712048
ControllerIntenSelect,0.14,0.75,0.7,FP2,1.4790531823750002,1.0,0.0,0.7892173728624733
ControllerIntenSelect,0.14,0.75,0.7,FP2,1.0062374372222225,0.8888888888888888,0.0,0.5782993821644912
ControllerIntenSelect,0.14,0.75,0.7,FP2,0.853855464125,1.0,0.0,0.642858882456208
ControllerIntenSelect,0.14,0.75,0.7,FP20,0.7053248258333333,1.0,0.0,1.304447910525673
ControllerIntenSelect,0.14,0.75,0.7,FP20,1.312530896666667,1.0,0.0,0.8694071418604031
ControllerIntenSelect,0.14,0.75,0.7,FP20,0.6869496887142857,0.8571428571428571,0.1428571428571428,1.1544285528982028
ControllerIntenSelect,0.14,0.75,0.7,FP21,0.9793419261666666,1.0,0.0,0.3911544127303517
ControllerIntenSelect,0.14,0.75,0.7,FP21,0.8978814388333335,1.0,0.0,0.2589172868881535
ControllerIntenSelect,0.14,0.75,0.7,FP21,0.7837067820000001,0.8571428571428571,0.1428571428571428,0.4314513645715394
ControllerIntenSelect,0.14,0.75,0.7,FP22,0.9818643256666668,1.0,0.0,0.2507498821480588
ControllerIntenSelect,0.14,0.75,0.7,FP22,0.7916389809999999,1.0,0.0,0.3941711916295463
ControllerIntenSelect,0.14,0.75,0.7,FP22,0.9022786156666666,1.0,0.0,0.4496516744955685
ControllerIntenSelect,0.14,0.75,0.7,FP23,0.5582747640000001,0.8571428571428571,0.1428571428571428,1.088766149694207
ControllerIntenSelect,0.14,0.75,0.7,FP23,0.4434552153333334,0.5,0.0833333333333333,0.8387599133575091
ControllerIntenSelect,0.14,0.75,0.7,FP23,0.3168021570999999,0.6,0.0,1.8724249219337457
ControllerIntenSelect,0.14,0.75,0.7,FP24,0.5758780993333333,1.0,0.0,0.5213317857039518
ControllerIntenSelect,0.14,0.75,0.7,FP24,0.872280537,0.8571428571428571,0.0,0.3567446017597083
ControllerIntenSelect,0.14,0.75,0.7,FP24,0.6951039006666666,1.0,0.0,0.5722345228271365
ControllerIntenSelect,0.14,0.75,0.7,FP3,0.6001724105,1.0,0.0,0.6643471390404949
ControllerIntenSelect,0.14,0.75,0.7,FP3,0.9795013911666668,1.0,0.0,0.5438567628497443
ControllerIntenSelect,0.14,0.75,0.7,FP3,0.6716015044999999,1.0,0.0,0.6363024436602543
ControllerIntenSelect,0.14,0.75,0.7,FP4,0.7065454628333333,1.0,0.0,0.4052817497767042
ControllerIntenSelect,0.14,0.75,0.7,FP4,0.8704346666666666,1.0,0.0,0.4575152731450821
ControllerIntenSelect,0.14,0.75,0.7,FP4,0.8379872523333333,1.0,0.0,0.3490099315423365
ControllerIntenSelect,0.14,0.75,0.7,FP5,1.1442583966666666,1.0,0.0,0.5759493434016317
ControllerIntenSelect,0.14,0.75,0.7,FP5,1.0510028068571429,0.8571428571428571,0.1428571428571428,0.596597703079175
ControllerIntenSelect,0.14,0.75,0.7,FP6,0.9374247516666668,1.0,0.0,0.2700063266142173
ControllerIntenSelect,0.14,0.75,0.7,FP6,0.8447268585,1.0,0.0,0.3432915822806959
ControllerIntenSelect,0.14,0.75,0.7,FP6,0.6276237861666667,1.0,0.0,0.2068557788659537
ControllerIntenSelect,0.14,0.75,0.7,FP7,0.8824774083333334,1.0,0.0,0.4780791382803058
ControllerIntenSelect,0.14,0.75,0.7,FP7,0.7302552971666666,1.0,0.0,0.5629721556286894
ControllerIntenSelect,0.14,0.75,0.7,FP7,0.6743377836666666,1.0,0.0,0.5012359613000946
ControllerIntenSelect,0.14,0.75,0.7,FP8,0.729572475,1.0,0.0,0.355455881168256
ControllerIntenSelect,0.14,0.75,0.7,FP8,0.883958739,1.0,0.0,0.4331429787888393
ControllerIntenSelect,0.14,0.75,0.7,FP8,0.5061718337142858,0.8571428571428571,0.1428571428571428,0.3852495209414092
ControllerIntenSelect,0.14,0.75,0.7,FP9,0.7664112453333333,1.0,0.0,0.6841864194482778
ControllerIntenSelect,0.14,0.75,0.7,FP9,0.7168799238333333,1.0,0.0,0.9955682375347512
ControllerIntenSelect,0.21,0.75,0.3,FP1,1.0195662413333333,0.8888888888888888,0.0,0.1957989003766948
ControllerIntenSelect,0.21,0.75,0.3,FP1,0.787127178375,1.0,0.0,0.1416865625431836
ControllerIntenSelect,0.21,0.75,0.3,FP1,0.715042668375,1.0,0.0,0.1044423883419346
ControllerIntenSelect,0.21,0.75,0.3,FP10,0.654649477875,0.75,0.25,0.7560378153896032
ControllerIntenSelect,0.21,0.75,0.3,FP10,0.6176904807,0.6,0.4,0.7836419375747161
ControllerIntenSelect,0.21,0.75,0.3,FP10,0.7034352401666667,1.0,0.0,0.4022169375359192
ControllerIntenSelect,0.21,0.75,0.3,FP11,0.7151172096666666,1.0,0.0,0.5569558009725454
ControllerIntenSelect,0.21,0.75,0.3,FP11,1.0202394263333334,1.0,0.0,0.3065394441232958
ControllerIntenSelect,0.21,0.75,0.3,FP11,0.6487898528571429,0.8571428571428571,0.1428571428571428,0.4702721002281321
ControllerIntenSelect,0.21,0.75,0.3,FP12,0.7033994663333333,1.0,0.0,0.3011973918422118
ControllerIntenSelect,0.21,0.75,0.3,FP12,0.6014141343333334,1.0,0.0,0.2970932652447517
ControllerIntenSelect,0.21,0.75,0.3,FP12,0.8093981268333333,1.0,0.0,0.5244196157114002
ControllerIntenSelect,0.21,0.75,0.3,FP13,0.8917388235,1.0,0.0,0.2419464916724573
ControllerIntenSelect,0.21,0.75,0.3,FP13,0.8590938466666667,1.0,0.0,0.3711626655569421
ControllerIntenSelect,0.21,0.75,0.3,FP13,0.9469386223333331,1.0,0.0,0.4005173705891831
ControllerIntenSelect,0.21,0.75,0.3,FP14,0.7378431028571428,0.8571428571428571,0.1428571428571428,0.285220224999418
ControllerIntenSelect,0.21,0.75,0.3,FP14,0.535726953,0.8571428571428571,0.1428571428571428,0.7500375531649937
ControllerIntenSelect,0.21,0.75,0.3,FP14,0.40123929075,0.75,0.125,0.5134664868674059
ControllerIntenSelect,0.21,0.75,0.3,FP15,0.7081915276666666,1.0,0.0,0.5108386741449892
ControllerIntenSelect,0.21,0.75,0.3,FP15,0.5379890262857143,0.8571428571428571,0.0,0.5314067726317636
ControllerIntenSelect,0.21,0.75,0.3,FP15,0.5208599846666666,1.0,0.0,0.4436958355119467
ControllerIntenSelect,0.21,0.75,0.3,FP16,0.5027907595,1.0,0.0,0.0761336892002267
ControllerIntenSelect,0.21,0.75,0.3,FP16,0.7225615157142856,0.8571428571428571,0.1428571428571428,0.1179108060653206
ControllerIntenSelect,0.21,0.75,0.3,FP16,0.8357667148571428,0.8571428571428571,0.1428571428571428,0.3592235697207112
ControllerIntenSelect,0.21,0.75,0.3,FP17,1.0208053285,1.0,0.0,0.3072514855212478
ControllerIntenSelect,0.21,0.75,0.3,FP17,1.1527423166666668,1.0,0.0,0.2712716296179187
ControllerIntenSelect,0.21,0.75,0.3,FP17,0.9737360855,0.75,0.125,0.2043431134642471
ControllerIntenSelect,0.21,0.75,0.3,FP18,0.8425292529999999,1.0,0.0,0.4595924300402032
ControllerIntenSelect,0.21,0.75,0.3,FP18,0.9855972922857144,0.8571428571428571,0.1428571428571428,0.454557211050343
ControllerIntenSelect,0.21,0.75,0.3,FP18,0.7276029365000001,0.75,0.25,0.5542306131044439
ControllerIntenSelect,0.21,0.75,0.3,FP19,0.9321618065714284,0.8571428571428571,0.0,0.2412238577370187
ControllerIntenSelect,0.21,0.75,0.3,FP19,1.1205578325,1.0,0.0,0.3257514187233548
ControllerIntenSelect,0.21,0.75,0.3,FP19,1.0682596171111112,0.6666666666666666,0.3333333333333333,1.3953368991723674
ControllerIntenSelect,0.21,0.75,0.3,FP2,0.9085050967777778,0.8888888888888888,0.1111111111111111,0.2956462501874193
ControllerIntenSelect,0.21,0.75,0.3,FP2,0.8091030117777778,0.8888888888888888,0.1111111111111111,0.3170022767872277
ControllerIntenSelect,0.21,0.75,0.3,FP2,0.944386715125,1.0,0.0,0.3745339032847637
ControllerIntenSelect,0.21,0.75,0.3,FP20,0.6986770621428572,0.8571428571428571,0.1428571428571428,1.0924972640775932
ControllerIntenSelect,0.21,0.75,0.3,FP20,0.9990561191428572,0.8571428571428571,0.0,0.591585346931807
ControllerIntenSelect,0.21,0.75,0.3,FP20,0.6482145971666667,1.0,0.0,0.460446817063799
ControllerIntenSelect,0.21,0.75,0.3,FP21,0.9230335785714284,0.8571428571428571,0.0,0.2226022127231453
ControllerIntenSelect,0.21,0.75,0.3,FP21,0.8712653064285716,0.8571428571428571,0.1428571428571428,0.2507266647962811
ControllerIntenSelect,0.21,0.75,0.3,FP21,0.8744844321666667,1.0,0.0,0.3287922347441538
ControllerIntenSelect,0.21,0.75,0.3,FP22,1.0212173416666668,1.0,0.0,0.2615438443224644
ControllerIntenSelect,0.21,0.75,0.3,FP22,1.182131687142857,0.8571428571428571,0.1428571428571428,0.2684077398211189
ControllerIntenSelect,0.21,0.75,0.3,FP22,0.9385204921428568,0.8571428571428571,0.1428571428571428,0.2663245414102286
ControllerIntenSelect,0.21,0.75,0.3,FP23,0.5216685807142857,0.8571428571428571,0.1428571428571428,0.3933728296002389
ControllerIntenSelect,0.21,0.75,0.3,FP23,0.3903411474166667,0.5,0.25,0.5406398845437673
ControllerIntenSelect,0.21,0.75,0.3,FP23,0.3221859054545455,0.5454545454545454,0.1818181818181818,1.533475312416383
ControllerIntenSelect,0.21,0.75,0.3,FP24,0.8325717424999999,1.0,0.0,0.2962845085108223
ControllerIntenSelect,0.21,0.75,0.3,FP24,1.10072413275,0.75,0.0,0.3533544370526866
ControllerIntenSelect,0.21,0.75,0.3,FP24,0.7500773060000002,0.8571428571428571,0.1428571428571428,0.5403572667508022
ControllerIntenSelect,0.21,0.75,0.3,FP3,0.739656934,0.75,0.0,0.5874278880389427
ControllerIntenSelect,0.21,0.75,0.3,FP3,0.8435681292857142,0.8571428571428571,0.1428571428571428,0.5115838492264727
ControllerIntenSelect,0.21,0.75,0.3,FP3,0.8825916598333333,1.0,0.0,0.2655789057909359
ControllerIntenSelect,0.21,0.75,0.3,FP4,0.98084113625,0.75,0.25,0.4226373194766694
ControllerIntenSelect,0.21,0.75,0.3,FP4,1.4182359406666667,1.0,0.0,0.2482037609900484
ControllerIntenSelect,0.21,0.75,0.3,FP4,0.8397922819999999,1.0,0.0,0.1991982468107165
ControllerIntenSelect,0.21,0.75,0.3,FP5,0.943321027,0.75,0.25,0.5029720228096477
ControllerIntenSelect,0.21,0.75,0.3,FP5,1.078753398,0.8571428571428571,0.1428571428571428,0.3549683453494415
ControllerIntenSelect,0.21,0.75,0.3,FP5,1.0788166853333334,1.0,0.0,0.5318922737540569
ControllerIntenSelect,0.21,0.75,0.3,FP6,0.7662798891666666,1.0,0.0,0.1633031685557858
ControllerIntenSelect,0.21,0.75,0.3,FP6,0.7886889266666666,1.0,0.0,0.1271422341661907
ControllerIntenSelect,0.21,0.75,0.3,FP6,0.7642622415,1.0,0.0,0.2551379980719084
ControllerIntenSelect,0.21,0.75,0.3,FP7,0.8929480173333334,1.0,0.0,0.5042034147306942
ControllerIntenSelect,0.21,0.75,0.3,FP7,1.2985461843333337,1.0,0.0,0.7787291163696279
ControllerIntenSelect,0.21,0.75,0.3,FP7,1.0681634321666666,1.0,0.0,0.4664541135594815
ControllerIntenSelect,0.21,0.75,0.3,FP8,0.8177237671666666,1.0,0.0,0.5702423790514112
ControllerIntenSelect,0.21,0.75,0.3,FP8,0.8872617431666668,1.0,0.0,0.354813434694502
ControllerIntenSelect,0.21,0.75,0.3,FP8,0.8736399600000001,1.0,0.0,0.2823266443795941
ControllerIntenSelect,0.21,0.75,0.3,FP9,0.8122472281666667,1.0,0.0,0.4280447396266134
ControllerIntenSelect,0.21,0.75,0.3,FP9,0.9519708656666668,1.0,0.0,0.3412610959551227
ControllerIntenSelect,0.21,0.75,0.5,FP1,0.779326582,1.0,0.0,0.1874247991313078
ControllerIntenSelect,0.21,0.75,0.5,FP1,0.7750722398749998,1.0,0.0,0.2534558665101424
ControllerIntenSelect,0.21,0.75,0.5,FP1,0.8298993323333334,0.8888888888888888,0.1111111111111111,0.3556355374507629
ControllerIntenSelect,0.21,0.75,0.5,FP10,0.893279982,1.0,0.0,0.677141527108562
ControllerIntenSelect,0.21,0.75,0.5,FP10,0.6372258338571429,0.8571428571428571,0.0,0.7249523939084598
ControllerIntenSelect,0.21,0.75,0.5,FP10,0.5954067002857143,0.8571428571428571,0.0,0.7165234300201481
ControllerIntenSelect,0.21,0.75,0.5,FP11,0.643553049,1.0,0.0,0.1648080873750848
ControllerIntenSelect,0.21,0.75,0.5,FP11,0.5536449578333333,1.0,0.0,0.5385322996949625
ControllerIntenSelect,0.21,0.75,0.5,FP11,0.5663119381666667,1.0,0.0,0.5965000056558764
ControllerIntenSelect,0.21,0.75,0.5,FP12,0.7066890118333333,1.0,0.0,0.2484751273638401
ControllerIntenSelect,0.21,0.75,0.5,FP12,0.7267038833333332,1.0,0.0,0.3549751054347647
ControllerIntenSelect,0.21,0.75,0.5,FP12,0.5400588823333333,1.0,0.0,0.2358978271365296
ControllerIntenSelect,0.21,0.75,0.5,FP13,0.7709222317142858,0.8571428571428571,0.1428571428571428,0.3321908752964518
ControllerIntenSelect,0.21,0.75,0.5,FP13,0.7441379204285715,0.8571428571428571,0.0,0.3631517526699326
ControllerIntenSelect,0.21,0.75,0.5,FP13,0.7027210164285714,0.8571428571428571,0.1428571428571428,0.4985831198557869
ControllerIntenSelect,0.21,0.75,0.5,FP14,0.7120634568571429,0.8571428571428571,0.0,0.4546428759888417
ControllerIntenSelect,0.21,0.75,0.5,FP14,0.6149593572857144,0.8571428571428571,0.1428571428571428,0.5667598508812204
ControllerIntenSelect,0.21,0.75,0.5,FP14,0.6712546481666668,1.0,0.0,0.4926378369882389
ControllerIntenSelect,0.21,0.75,0.5,FP15,0.6546604956666666,1.0,0.0,0.7810535474162713
ControllerIntenSelect,0.21,0.75,0.5,FP15,0.5181600808333333,1.0,0.0,0.503443634235067
ControllerIntenSelect,0.21,0.75,0.5,FP15,0.5748107345714286,0.8571428571428571,0.1428571428571428,0.6522505482242545
ControllerIntenSelect,0.21,0.75,0.5,FP16,0.6648115096666666,1.0,0.0,0.1041634994662651
ControllerIntenSelect,0.21,0.75,0.5,FP16,0.7783328236666666,1.0,0.0,0.1234136073025494
ControllerIntenSelect,0.21,0.75,0.5,FP16,0.60464119,1.0,0.0,0.2213474726858199
ControllerIntenSelect,0.21,0.75,0.5,FP17,1.0094187513333333,1.0,0.0,0.7021262034954759
ControllerIntenSelect,0.21,0.75,0.5,FP17,0.8381873084999999,1.0,0.0,0.2555713195308182
ControllerIntenSelect,0.21,0.75,0.5,FP17,0.7568641251666667,1.0,0.0,0.2771729524245674
ControllerIntenSelect,0.21,0.75,0.5,FP18,0.6674019012857142,0.8571428571428571,0.0,0.7644831090658559
ControllerIntenSelect,0.21,0.75,0.5,FP18,0.7763576040000001,0.8571428571428571,0.1428571428571428,0.5725896729812908
ControllerIntenSelect,0.21,0.75,0.5,FP18,0.7847738735000002,1.0,0.0,0.6805581203205299
ControllerIntenSelect,0.21,0.75,0.5,FP19,0.7784881783333333,1.0,0.0,0.2747640186640774
ControllerIntenSelect,0.21,0.75,0.5,FP19,0.6342131998333334,1.0,0.0,0.3119412755285057
ControllerIntenSelect,0.21,0.75,0.5,FP19,1.0994131960000002,0.75,0.25,1.7466348699050116
ControllerIntenSelect,0.21,0.75,0.5,FP2,0.7621258191111111,0.8888888888888888,0.0,0.2768159079274582
ControllerIntenSelect,0.21,0.75,0.5,FP2,0.946142324125,1.0,0.0,0.4817878493083014
ControllerIntenSelect,0.21,0.75,0.5,FP2,0.7439565995555556,0.8888888888888888,0.1111111111111111,0.5238864763464594
ControllerIntenSelect,0.21,0.75,0.5,FP20,0.6093500421428572,0.8571428571428571,0.1428571428571428,0.7682006597908797
ControllerIntenSelect,0.21,0.75,0.5,FP20,0.965439914,0.8571428571428571,0.0,0.6788547366844587
ControllerIntenSelect,0.21,0.75,0.5,FP21,0.8339200511666668,1.0,0.0,0.1621861985135363
ControllerIntenSelect,0.21,0.75,0.5,FP21,0.9197715835,1.0,0.0,0.2801699333784359
ControllerIntenSelect,0.21,0.75,0.5,FP21,0.8501697520000001,1.0,0.0,0.4110893712533365
ControllerIntenSelect,0.21,0.75,0.5,FP22,1.0825865758333333,1.0,0.0,0.2889957946458574
ControllerIntenSelect,0.21,0.75,0.5,FP22,0.91636029525,0.75,0.125,0.3715370879968036
ControllerIntenSelect,0.21,0.75,0.5,FP22,1.0230706816666668,1.0,0.0,0.2177725880491299
ControllerIntenSelect,0.21,0.75,0.5,FP23,0.4311565032857142,0.8571428571428571,0.0,0.6137437886387935
ControllerIntenSelect,0.21,0.75,0.5,FP23,0.419021594,0.6666666666666666,0.2222222222222222,0.9175468511276972
ControllerIntenSelect,0.21,0.75,0.5,FP23,0.3356156856923077,0.4615384615384615,0.3846153846153846,0.9990347630675896
ControllerIntenSelect,0.21,0.75,0.5,FP24,0.7964144241666666,1.0,0.0,0.2774392040106795
ControllerIntenSelect,0.21,0.75,0.5,FP24,0.7426222280000001,1.0,0.0,0.3883709556656439
ControllerIntenSelect,0.21,0.75,0.5,FP24,0.81911405,1.0,0.0,0.5197766030147868
ControllerIntenSelect,0.21,0.75,0.5,FP3,0.7301130109999999,1.0,0.0,0.325790741546572
ControllerIntenSelect,0.21,0.75,0.5,FP3,0.5791234001666666,1.0,0.0,0.533372877753353
ControllerIntenSelect,0.21,0.75,0.5,FP3,0.5439647851666668,1.0,0.0,0.6264055348137602
ControllerIntenSelect,0.21,0.75,0.5,FP4,0.6716136493333335,1.0,0.0,0.4119726961051865
ControllerIntenSelect,0.21,0.75,0.5,FP4,0.7695462395714285,0.8571428571428571,0.1428571428571428,0.3474858592094018
ControllerIntenSelect,0.21,0.75,0.5,FP4,1.06283827,1.0,0.0,0.5445059126281179
ControllerIntenSelect,0.21,0.75,0.5,FP5,1.2915508741666668,1.0,0.0,0.4722578846549851
ControllerIntenSelect,0.21,0.75,0.5,FP5,0.8751510773333333,1.0,0.0,0.8694938643552205
ControllerIntenSelect,0.21,0.75,0.5,FP5,0.7664294768333333,1.0,0.0,0.4988191613723793
ControllerIntenSelect,0.21,0.75,0.5,FP6,0.9758510406666666,1.0,0.0,0.1476507612141117
ControllerIntenSelect,0.21,0.75,0.5,FP6,0.7708802526666666,1.0,0.0,0.1793461148911549
ControllerIntenSelect,0.21,0.75,0.5,FP6,0.6309244166666667,1.0,0.0,0.2925180257417585
ControllerIntenSelect,0.21,0.75,0.5,FP7,0.81566311475,0.75,0.25,0.6413160629032573
ControllerIntenSelect,0.21,0.75,0.5,FP7,0.7920929063333334,1.0,0.0,0.4261238374280791
ControllerIntenSelect,0.21,0.75,0.5,FP7,0.8767802011666667,1.0,0.0,0.6240233323825503
ControllerIntenSelect,0.21,0.75,0.5,FP8,0.6572439484285715,0.8571428571428571,0.1428571428571428,0.4702610542317235
ControllerIntenSelect,0.21,0.75,0.5,FP8,0.687321163,1.0,0.0,0.2711130324989467
ControllerIntenSelect,0.21,0.75,0.5,FP8,0.6307933225714286,0.8571428571428571,0.0,0.7289059497125242
ControllerIntenSelect,0.21,0.75,0.5,FP9,0.7265926591666667,1.0,0.0,0.8511738689721647
ControllerIntenSelect,0.21,0.75,0.5,FP9,0.627936575,1.0,0.0,0.3580294585024656
ControllerIntenSelect,0.21,0.75,0.7,FP1,0.7703362822222222,0.8888888888888888,0.1111111111111111,0.2523995744791947
ControllerIntenSelect,0.21,0.75,0.7,FP1,0.859154961875,1.0,0.0,0.2337791906797118
ControllerIntenSelect,0.21,0.75,0.7,FP1,1.044747218625,1.0,0.0,0.2359800182635033
ControllerIntenSelect,0.21,0.75,0.7,FP10,0.8282141515,1.0,0.0,0.9290894611988127
ControllerIntenSelect,0.21,0.75,0.7,FP10,0.7795491002499999,0.75,0.125,0.7977291003846068
ControllerIntenSelect,0.21,0.75,0.7,FP10,0.5280515891666666,1.0,0.0,0.6534018307948036
ControllerIntenSelect,0.21,0.75,0.7,FP11,0.6265450556666667,1.0,0.0,0.4039446264934916
ControllerIntenSelect,0.21,0.75,0.7,FP11,0.5086105089999999,1.0,0.0,0.3678365660922227
ControllerIntenSelect,0.21,0.75,0.7,FP11,0.5661320263333334,1.0,0.0,0.4514651387244741
ControllerIntenSelect,0.21,0.75,0.7,FP12,0.7379527558571429,0.8571428571428571,0.1428571428571428,0.5427322163024445
ControllerIntenSelect,0.21,0.75,0.7,FP12,0.8062491303333333,1.0,0.0,0.5372829052691771
ControllerIntenSelect,0.21,0.75,0.7,FP12,0.712596222,0.8571428571428571,0.0,0.4065358976402948
ControllerIntenSelect,0.21,0.75,0.7,FP13,0.6531021521666667,1.0,0.0,0.6208030083938191
ControllerIntenSelect,0.21,0.75,0.7,FP13,0.6162417191666666,1.0,0.0,0.2660095847897492
ControllerIntenSelect,0.21,0.75,0.7,FP13,0.7806105405,1.0,0.0,0.3614943898680991
ControllerIntenSelect,0.21,0.75,0.7,FP14,0.586054296,1.0,0.0,0.5893966920761163
ControllerIntenSelect,0.21,0.75,0.7,FP14,0.6851914607142857,0.8571428571428571,0.1428571428571428,0.5233485438281366
ControllerIntenSelect,0.21,0.75,0.7,FP14,0.791508279,1.0,0.0,0.4071798283974177
ControllerIntenSelect,0.21,0.75,0.7,FP15,0.527689852,1.0,0.0,0.6579853364968288
ControllerIntenSelect,0.21,0.75,0.7,FP15,0.7798758674285714,0.8571428571428571,0.0,0.7248258744961275
ControllerIntenSelect,0.21,0.75,0.7,FP15,0.6993105498333333,1.0,0.0,0.5884104249871479
ControllerIntenSelect,0.21,0.75,0.7,FP16,0.740285365,1.0,0.0,0.314466756327081
ControllerIntenSelect,0.21,0.75,0.7,FP16,0.6320834861666668,1.0,0.0,0.3815512235894558
ControllerIntenSelect,0.21,0.75,0.7,FP16,0.6849372874999998,1.0,0.0,0.2935686781131977
ControllerIntenSelect,0.21,0.75,0.7,FP17,0.7286172901666667,1.0,0.0,0.5332035915309479
ControllerIntenSelect,0.21,0.75,0.7,FP17,0.8568516791428571,0.8571428571428571,0.1428571428571428,0.362687253411291
ControllerIntenSelect,0.21,0.75,0.7,FP17,0.6440639539999999,1.0,0.0,0.4979578165642704
ControllerIntenSelect,0.21,0.75,0.7,FP18,0.6017398588333334,1.0,0.0,0.6245164356721806
ControllerIntenSelect,0.21,0.75,0.7,FP18,0.9049449227142858,0.8571428571428571,0.1428571428571428,1.1632052440959155
ControllerIntenSelect,0.21,0.75,0.7,FP18,0.8028440778333333,1.0,0.0,0.5972852636392981
ControllerIntenSelect,0.21,0.75,0.7,FP19,1.009685315166667,1.0,0.0,0.3497505931253282
ControllerIntenSelect,0.21,0.75,0.7,FP19,0.9049386188333334,1.0,0.0,0.4012894885742707
ControllerIntenSelect,0.21,0.75,0.7,FP19,0.860422883,1.0,0.0,0.8891894893701339
ControllerIntenSelect,0.21,0.75,0.7,FP2,0.921843995125,1.0,0.0,0.5249450836799985
ControllerIntenSelect,0.21,0.75,0.7,FP2,0.7741436433333333,0.8888888888888888,0.0,0.7368629509270582
ControllerIntenSelect,0.21,0.75,0.7,FP2,0.80773721325,1.0,0.0,0.776104561250275
ControllerIntenSelect,0.21,0.75,0.7,FP20,0.8376925935,1.0,0.0,0.5011452478022669
ControllerIntenSelect,0.21,0.75,0.7,FP20,0.9296062786666668,1.0,0.0,0.6293626790576393
ControllerIntenSelect,0.21,0.75,0.7,FP20,1.0977175046666667,1.0,0.0,1.00327268507654
ControllerIntenSelect,0.21,0.75,0.7,FP21,0.9821644166666668,1.0,0.0,0.26325506424106
ControllerIntenSelect,0.21,0.75,0.7,FP21,0.9266034175,1.0,0.0,0.27889527984904
ControllerIntenSelect,0.21,0.75,0.7,FP21,0.6749243345,1.0,0.0,0.3511483698242763
ControllerIntenSelect,0.21,0.75,0.7,FP22,0.8658714766666668,1.0,0.0,0.170572568495972
ControllerIntenSelect,0.21,0.75,0.7,FP22,1.0174617406666666,1.0,0.0,0.1760777172621405
ControllerIntenSelect,0.21,0.75,0.7,FP22,0.655447867,1.0,0.0,0.5020173587502698
ControllerIntenSelect,0.21,0.75,0.7,FP23,0.5091073913333333,1.0,0.0,1.0862382296948423
ControllerIntenSelect,0.21,0.75,0.7,FP23,0.3183074176,0.6,0.2,0.8550243539595644
ControllerIntenSelect,0.21,0.75,0.7,FP23,0.5222365359000001,0.6,0.2,0.7148356049485882
ControllerIntenSelect,0.21,0.75,0.7,FP24,0.756824108,1.0,0.0,0.241879742894078
ControllerIntenSelect,0.21,0.75,0.7,FP24,0.752187149,0.8571428571428571,0.1428571428571428,0.3383469633857491
ControllerIntenSelect,0.21,0.75,0.7,FP24,0.8822042073333334,1.0,0.0,0.630190609277425
ControllerIntenSelect,0.21,0.75,0.7,FP3,0.6484034968333334,1.0,0.0,0.6233562890154656
ControllerIntenSelect,0.21,0.75,0.7,FP3,0.8917067536666666,1.0,0.0,0.6349428384248497
ControllerIntenSelect,0.21,0.75,0.7,FP3,0.6331072418333333,1.0,0.0,0.5795913435875412
ControllerIntenSelect,0.21,0.75,0.7,FP4,0.9145469368333332,1.0,0.0,0.8022182117945543
ControllerIntenSelect,0.21,0.75,0.7,FP4,0.810552081,1.0,0.0,0.2971459112815558
ControllerIntenSelect,0.21,0.75,0.7,FP4,0.7215305555000001,1.0,0.0,0.6974755059462048
ControllerIntenSelect,0.21,0.75,0.7,FP5,0.8278905753333333,1.0,0.0,0.5992880628981354
ControllerIntenSelect,0.21,0.75,0.7,FP5,1.032012577285714,0.8571428571428571,0.0,0.7450849576644255
ControllerIntenSelect,0.21,0.75,0.7,FP5,0.8103945018571428,0.8571428571428571,0.1428571428571428,0.5245137253484532
ControllerIntenSelect,0.21,0.75,0.7,FP6,0.9885424953333332,1.0,0.0,0.1348148006515692
ControllerIntenSelect,0.21,0.75,0.7,FP6,0.6482598966666667,1.0,0.0,0.1984020069348946
ControllerIntenSelect,0.21,0.75,0.7,FP6,0.746806558,1.0,0.0,0.2924879253023536
ControllerIntenSelect,0.21,0.75,0.7,FP7,0.9205289944285716,0.8571428571428571,0.1428571428571428,0.620062798768415
ControllerIntenSelect,0.21,0.75,0.7,FP7,0.9698286273333332,1.0,0.0,0.4991889935348609
ControllerIntenSelect,0.21,0.75,0.7,FP7,0.80603077,1.0,0.0,0.5453025646181285
ControllerIntenSelect,0.21,0.75,0.7,FP8,0.5287745505714286,0.8571428571428571,0.0,0.801003802679244
ControllerIntenSelect,0.21,0.75,0.7,FP8,0.5303218223749999,0.75,0.0,0.7107770884732609
ControllerIntenSelect,0.21,0.75,0.7,FP8,0.6852715743333334,0.6666666666666666,0.2222222222222222,1.4219903965424392
ControllerIntenSelect,0.21,0.75,0.7,FP9,0.7070141331666666,1.0,0.0,0.4825577060872187
ControllerIntenSelect,0.21,0.75,0.7,FP9,0.7408142154999999,1.0,0.0,1.33751318920776
